<?xml version="1.0" encoding="UTF-8"?><MD_Metadata xmlns:gts="http://www.isotc211.org/2005/gts" xmlns:gco="http://www.isotc211.org/2005/gco" xmlns:xalan="http://xml.apache.org/xalan" xmlns:srv="http://www.isotc211.org/2005/srv" xmlns:gmx="http://www.isotc211.org/2005/gmx" xmlns:xlink="http://www.w3.org/1999/xlink" xmlns:xsi="http://www.w3.org/2001/XMLSchema-instance" xmlns:gml="http://www.opengis.net/gml" xmlns="http://www.isotc211.org/2005/gmd">
    <language>
        <LanguageCode codeList="http://www.loc.gov/standards/iso639-2/php/code_list.php" codeListValue="eng" codeSpace="ISO639-2">eng</LanguageCode>
    </language>
    <characterSet>
        <MD_CharacterSetCode codeList="http://www.isotc211.org/2005/resources/Codelist/gmxCodelists.xml#MD_CharacterSetCode" codeListValue="utf8" codeSpace="ISOTC211/19115">utf8</MD_CharacterSetCode>
    </characterSet>
    <hierarchyLevel>
        <MD_ScopeCode codeList="http://www.isotc211.org/2005/resources/Codelist/gmxCodelists.xml#MD_ScopeCode" codeListValue="dataset" codeSpace="ISOTC211/19115">dataset</MD_ScopeCode>
    </hierarchyLevel>
    <hierarchyLevelName>
        <gco:CharacterString>dataset</gco:CharacterString>
    </hierarchyLevelName>
    <contact>
        <CI_ResponsibleParty>
            <organisationName>
                <gco:CharacterString>Oak Ridge National Laboratory</gco:CharacterString>
            </organisationName>
            <contactInfo>
                <CI_Contact>
                    <phone>
                        <CI_Telephone>
                            <voice>
                                <gco:CharacterString>(865) 241-3976</gco:CharacterString>
                            </voice>
                            <facsimile>
                                <gco:CharacterString>(865) 241-6261</gco:CharacterString>
                            </facsimile>
                        </CI_Telephone>
                    </phone>
                    <address>
                        <CI_Address>
                            <deliveryPoint>
                                <gco:CharacterString>One Bethel Valley Rd, MS-6017</gco:CharacterString>
                            </deliveryPoint>
                            <city>
                                <gco:CharacterString>Oak Ridge</gco:CharacterString>
                            </city>
                            <administrativeArea>
                                <gco:CharacterString>TN</gco:CharacterString>
                            </administrativeArea>
                            <postalCode>
                                <gco:CharacterString>37831</gco:CharacterString>
                            </postalCode>
                            <country>
                                <Country codeList="http://www.iso.org/iso/country_codes/iso_3166_code_lists.htm" codeListValue="US" codeSpace="ISO3166-1">US</Country>
                            </country>
                        </CI_Address>
                    </address>
                </CI_Contact>
            </contactInfo>
            <role>
                <CI_RoleCode codeList="http://www.isotc211.org/2005/resources/Codelist/gmxCodelists.xml#CI_RoleCode" codeListValue="pointOfContact" codeSpace="ISOTC211/19115">pointOfContact</CI_RoleCode>
            </role>
        </CI_ResponsibleParty>
    </contact>
    <dateStamp>
        <gco:Date>2024-09-19</gco:Date>
    </dateStamp>
    <metadataStandardName>
        <gco:CharacterString>ISO 19139 Geographic Information - Metadata - Implementation Specification</gco:CharacterString>
    </metadataStandardName>
    <metadataStandardVersion>
        <gco:CharacterString>2007</gco:CharacterString>
    </metadataStandardVersion>
    <spatialRepresentationInfo>
        <MD_VectorSpatialRepresentation>
            <topologyLevel>
                <MD_TopologyLevelCode codeList="http://www.isotc211.org/2005/resources/Codelist/gmxCodelists.xml#MD_TopologyLevelCode" codeListValue="geometryOnly" codeSpace="ISOTC211/19115">geometryOnly</MD_TopologyLevelCode>
            </topologyLevel>
            <geometricObjects>
                <MD_GeometricObjects>
                    <geometricObjectType>
                        <MD_GeometricObjectTypeCode codeList="http://www.isotc211.org/2005/resources/Codelist/gmxCodelists.xml#MD_GeometricObjectTypeCode" codeListValue="composite" codeSpace="ISOTC211/19115">composite</MD_GeometricObjectTypeCode>
                    </geometricObjectType>
                    <geometricObjectCount>
                        <gco:Integer>6468</gco:Integer>
                    </geometricObjectCount>
                </MD_GeometricObjects>
            </geometricObjects>
        </MD_VectorSpatialRepresentation>
    </spatialRepresentationInfo>
    <referenceSystemInfo>
        <MD_ReferenceSystem>
            <referenceSystemIdentifier>
                <RS_Identifier>
                    <code>
                        <gco:CharacterString>4326</gco:CharacterString>
                    </code>
                    <codeSpace>
                        <gco:CharacterString>EPSG</gco:CharacterString>
                    </codeSpace>
                    <version>
                        <gco:CharacterString>6.2(3.0.1)</gco:CharacterString>
                    </version>
                </RS_Identifier>
            </referenceSystemIdentifier>
        </MD_ReferenceSystem>
    </referenceSystemInfo>
    <identificationInfo>
        <MD_DataIdentification>
            <citation>
                <CI_Citation>
                    <title>
                        <gco:CharacterString>PrisonBndrys</gco:CharacterString>
                    </title>
                    <date>
                        <CI_Date>
                            <date>
                                <gco:Date>2024-09-16</gco:Date>
                            </date>
                            <dateType>
                                <CI_DateTypeCode codeList="http://www.isotc211.org/2005/resources/Codelist/gmxCodelists.xml#CI_DateTypeCode" codeListValue="publication" codeSpace="ISOTC211/19115">publication</CI_DateTypeCode>
                            </dateType>
                        </CI_Date>
                    </date>
                    <citedResponsibleParty>
                        <CI_ResponsibleParty>
                            <organisationName>
                                <gco:CharacterString>Oak Ridge National Laboratory</gco:CharacterString>
                            </organisationName>
                            <role>
                                <CI_RoleCode codeList="http://www.isotc211.org/2005/resources/Codelist/gmxCodelists.xml#CI_RoleCode" codeListValue="originator" codeSpace="ISOTC211/19115">originator</CI_RoleCode>
                            </role>
                        </CI_ResponsibleParty>
                    </citedResponsibleParty>
                    <presentationForm>
                        <CI_PresentationFormCode codeList="http://www.isotc211.org/2005/resources/Codelist/gmxCodelists.xml#CI_PresentationFormCode" codeListValue="mapDigital" codeSpace="ISOTC211/19115">mapDigital</CI_PresentationFormCode>
                    </presentationForm>
                    <collectiveTitle>
                        <gco:CharacterString>HIFLD Open and HIFLD Secure</gco:CharacterString>
                    </collectiveTitle>
                </CI_Citation>
            </citation>
            <abstract>
                <gco:CharacterString>The prison boundary feature class contains secure detention facilities. These facilities range in jurisdiction from federal(excluding military) to local governments. Polygon geometry is used to describe the extent of where the incarcerated population is located (fence lines or building footprints). This feature class's attribution describes many physical and social characteristics of detention facilities in the United States and some of its territories. The attribution for this feature class was populated by open source search methodologies of authoritative sources. Changes from the previous version include 80 records added, 132 closed, 30 reopened, and 363 removed.</gco:CharacterString>
            </abstract>
            <purpose>
                <gco:CharacterString>This feature class contains secure detention facilities for the Homeland Infrastructure Foundation Level Data (HIFLD) database. (https://gii.dhs.gov/HIFLD)</gco:CharacterString>
            </purpose>
            <credit>
                <gco:CharacterString>Oak Ridge National Laboratory (ORNL), DHS Geospatial Management Office (GMO)</gco:CharacterString>
            </credit>
            <status>
                <MD_ProgressCode codeList="http://www.isotc211.org/2005/resources/Codelist/gmxCodelists.xml#MD_ProgressCode" codeListValue="completed" codeSpace="ISOTC211/19115">completed</MD_ProgressCode>
            </status>
            <pointOfContact>
                <CI_ResponsibleParty>
                    <organisationName>
                        <gco:CharacterString>Oak Ridge National Laboratory</gco:CharacterString>
                    </organisationName>
                    <contactInfo>
                        <CI_Contact>
                            <phone>
                                <CI_Telephone>
                                    <voice>
                                        <gco:CharacterString>(865) 241-3976</gco:CharacterString>
                                    </voice>
                                    <facsimile>
                                        <gco:CharacterString>(865) 241-6261</gco:CharacterString>
                                    </facsimile>
                                </CI_Telephone>
                            </phone>
                            <address>
                                <CI_Address>
                                    <deliveryPoint>
                                        <gco:CharacterString>One Bethel Valley Rd, MS-6017</gco:CharacterString>
                                    </deliveryPoint>
                                    <city>
                                        <gco:CharacterString>Oak Ridge</gco:CharacterString>
                                    </city>
                                    <administrativeArea>
                                        <gco:CharacterString>TN</gco:CharacterString>
                                    </administrativeArea>
                                    <postalCode>
                                        <gco:CharacterString>37831</gco:CharacterString>
                                    </postalCode>
                                    <country>
                                        <Country codeList="http://www.iso.org/iso/country_codes/iso_3166_code_lists.htm" codeListValue="US" codeSpace="ISO3166-1">US</Country>
                                    </country>
                                </CI_Address>
                            </address>
                        </CI_Contact>
                    </contactInfo>
                    <role>
                        <CI_RoleCode codeList="http://www.isotc211.org/2005/resources/Codelist/gmxCodelists.xml#CI_RoleCode" codeListValue="pointOfContact" codeSpace="ISOTC211/19115">pointOfContact</CI_RoleCode>
                    </role>
                </CI_ResponsibleParty>
            </pointOfContact>
            <resourceMaintenance>
                <MD_MaintenanceInformation>
                    <maintenanceAndUpdateFrequency>
                        <MD_MaintenanceFrequencyCode codeList="http://www.isotc211.org/2005/resources/Codelist/gmxCodelists.xml#MD_MaintenanceFrequencyCode" codeListValue="continual" codeSpace="ISOTC211/19115">continual</MD_MaintenanceFrequencyCode>
                    </maintenanceAndUpdateFrequency>
                </MD_MaintenanceInformation>
            </resourceMaintenance>
            <descriptiveKeywords>
                <MD_Keywords>
                    <keyword>
                        <gco:CharacterString>Continental United States</gco:CharacterString>
                    </keyword>
                    <keyword>
                        <gco:CharacterString>USA</gco:CharacterString>
                    </keyword>
                    <keyword>
                        <gco:CharacterString>Hawaii</gco:CharacterString>
                    </keyword>
                    <keyword>
                        <gco:CharacterString>Alaska</gco:CharacterString>
                    </keyword>
                    <keyword>
                        <gco:CharacterString>District of Columbia</gco:CharacterString>
                    </keyword>
                    <keyword>
                        <gco:CharacterString>Puerto Rico</gco:CharacterString>
                    </keyword>
                    <keyword>
                        <gco:CharacterString>American Samoa</gco:CharacterString>
                    </keyword>
                    <keyword>
                        <gco:CharacterString>Guam</gco:CharacterString>
                    </keyword>
                    <keyword>
                        <gco:CharacterString>Northern Mariana Islands</gco:CharacterString>
                    </keyword>
                    <keyword>
                        <gco:CharacterString>Virgin Islands</gco:CharacterString>
                    </keyword>
                    <type>
                        <MD_KeywordTypeCode codeList="http://www.isotc211.org/2005/resources/Codelist/gmxCodelists.xml#MD_KeywordTypeCode" codeListValue="place" codeSpace="ISOTC211/19115">place</MD_KeywordTypeCode>
                    </type>
                </MD_Keywords>
            </descriptiveKeywords>
            <descriptiveKeywords>
                <MD_Keywords>
                    <keyword>
                        <gco:CharacterString>homeland security</gco:CharacterString>
                    </keyword>
                    <keyword>
                        <gco:CharacterString>homeland defense</gco:CharacterString>
                    </keyword>
                    <keyword>
                        <gco:CharacterString>emergency response</gco:CharacterString>
                    </keyword>
                    <keyword>
                        <gco:CharacterString>prison boundaries</gco:CharacterString>
                    </keyword>
                    <keyword>
                        <gco:CharacterString>police</gco:CharacterString>
                    </keyword>
                    <keyword>
                        <gco:CharacterString>government</gco:CharacterString>
                    </keyword>
                    <keyword>
                        <gco:CharacterString>juveniles</gco:CharacterString>
                    </keyword>
                    <keyword>
                        <gco:CharacterString>prisons</gco:CharacterString>
                    </keyword>
                    <keyword>
                        <gco:CharacterString>delinquents</gco:CharacterString>
                    </keyword>
                    <keyword>
                        <gco:CharacterString>centers</gco:CharacterString>
                    </keyword>
                    <keyword>
                        <gco:CharacterString>institutions</gco:CharacterString>
                    </keyword>
                    <keyword>
                        <gco:CharacterString>facility</gco:CharacterString>
                    </keyword>
                    <keyword>
                        <gco:CharacterString>facilities</gco:CharacterString>
                    </keyword>
                    <keyword>
                        <gco:CharacterString>correctional</gco:CharacterString>
                    </keyword>
                    <keyword>
                        <gco:CharacterString>detention</gco:CharacterString>
                    </keyword>
                    <keyword>
                        <gco:CharacterString>name</gco:CharacterString>
                    </keyword>
                    <keyword>
                        <gco:CharacterString>address</gco:CharacterString>
                    </keyword>
                    <keyword>
                        <gco:CharacterString>type</gco:CharacterString>
                    </keyword>
                    <keyword>
                        <gco:CharacterString>status</gco:CharacterString>
                    </keyword>
                    <keyword>
                        <gco:CharacterString>population</gco:CharacterString>
                    </keyword>
                    <keyword>
                        <gco:CharacterString>facility characteristics</gco:CharacterString>
                    </keyword>
                    <type>
                        <MD_KeywordTypeCode codeList="http://www.isotc211.org/2005/resources/Codelist/gmxCodelists.xml#MD_KeywordTypeCode" codeListValue="theme" codeSpace="ISOTC211/19115">theme</MD_KeywordTypeCode>
                    </type>
                </MD_Keywords>
            </descriptiveKeywords>
            <descriptiveKeywords>
                <MD_Keywords>
                    <keyword>
                        <gco:CharacterString>Downloadable Data</gco:CharacterString>
                    </keyword>
                    <thesaurusName uuidref="723f6998-058e-11dc-8314-0800200c9a66"/>
                </MD_Keywords>
            </descriptiveKeywords>
            <resourceConstraints>
                <MD_Constraints>
                    <useLimitation>
                        <gco:CharacterString>None (Public Use). Users are advised to read the data set's metadata thoroughly to understand appropriate use and data limitations.</gco:CharacterString>
                    </useLimitation>
                </MD_Constraints>
            </resourceConstraints>
            <resourceConstraints>
                <MD_LegalConstraints>
                    <useLimitation>
                        <gco:CharacterString>Distributor assumes no liability for misuse of data.</gco:CharacterString>
                    </useLimitation>
                    <accessConstraints>
                        <MD_RestrictionCode codeList="http://www.isotc211.org/2005/resources/Codelist/gmxCodelists.xml#MD_RestrictionCode" codeListValue="otherRestrictions" codeSpace="ISOTC211/19115">otherRestrictions</MD_RestrictionCode>
                    </accessConstraints>
                    <otherConstraints>
                        <gco:CharacterString>None (Public Domain Information)</gco:CharacterString>
                    </otherConstraints>
                </MD_LegalConstraints>
            </resourceConstraints>
            <aggregationInfo>
                <MD_AggregateInformation>
                    <aggregateDataSetName>
                        <CI_Citation>
                            <title>
                                <gco:CharacterString>HIFLD Open and HIFLD Secure</gco:CharacterString>
                            </title>
                            <date gco:nilReason="missing"/>
                            <citedResponsibleParty>
                                <CI_ResponsibleParty>
                                    <organisationName>
                                        <gco:CharacterString>Homeland Infrastructure Foundation-Level Data (HIFLD) Subcommittee</gco:CharacterString>
                                    </organisationName>
                                    <role>
                                        <CI_RoleCode codeList="http://www.isotc211.org/2005/resources/Codelist/gmxCodelists.xml#CI_RoleCode" codeListValue="originator" codeSpace="ISOTC211/19115">originator</CI_RoleCode>
                                    </role>
                                </CI_ResponsibleParty>
                            </citedResponsibleParty>
                        </CI_Citation>
                    </aggregateDataSetName>
                    <associationType>
                        <DS_AssociationTypeCode codeList="http://www.isotc211.org/2005/resources/Codelist/gmxCodelists.xml#DS_AssociationTypeCode" codeListValue="largerWorkCitation" codeSpace="ISOTC211/19115">largerWorkCitation</DS_AssociationTypeCode>
                    </associationType>
                </MD_AggregateInformation>
            </aggregationInfo>
            <spatialRepresentationType>
                <MD_SpatialRepresentationTypeCode codeList="http://www.isotc211.org/2005/resources/Codelist/gmxCodelists.xml#MD_SpatialRepresentationTypeCode" codeListValue="vector" codeSpace="ISOTC211/19115">vector</MD_SpatialRepresentationTypeCode>
            </spatialRepresentationType>
            <language>
                <LanguageCode codeList="http://www.loc.gov/standards/iso639-2/php/code_list.php" codeListValue="eng" codeSpace="ISO639-2">eng</LanguageCode>
            </language>
            <characterSet>
                <MD_CharacterSetCode codeList="http://www.isotc211.org/2005/resources/Codelist/gmxCodelists.xml#MD_CharacterSetCode" codeListValue="utf8" codeSpace="ISOTC211/19115">utf8</MD_CharacterSetCode>
            </characterSet>
            <environmentDescription>
                <gco:CharacterString>Version 6.2 (Build 9200) ; Esri ArcGIS 10.7.1.11595</gco:CharacterString>
            </environmentDescription>
            <extent>
                <EX_Extent>
                    <geographicElement>
                        <EX_GeographicBoundingBox>
                            <extentTypeCode>
                                <gco:Boolean>true</gco:Boolean>
                            </extentTypeCode>
                            <westBoundLongitude>
                                <gco:Decimal>-166.542275</gco:Decimal>
                            </westBoundLongitude>
                            <eastBoundLongitude>
                                <gco:Decimal>145.707962</gco:Decimal>
                            </eastBoundLongitude>
                            <southBoundLatitude>
                                <gco:Decimal>13.447942</gco:Decimal>
                            </southBoundLatitude>
                            <northBoundLatitude>
                                <gco:Decimal>71.291856</gco:Decimal>
                            </northBoundLatitude>
                        </EX_GeographicBoundingBox>
                    </geographicElement>
                </EX_Extent>
            </extent>
            <extent>
                <EX_Extent>
                    <description>
                        <gco:CharacterString>Time period date range corresponds to the date range covered by the SOURCEDATE field.</gco:CharacterString>
                    </description>
                    <temporalElement>
                        <EX_TemporalExtent>
                            <extent>
                                <gml:TimePeriod gml:id="N67981">
                                    <gml:beginPosition>2003-11-03T00:00:00</gml:beginPosition>
                                    <gml:endPosition>2024-08-18T00:00:00</gml:endPosition>
                                </gml:TimePeriod>
                            </extent>
                        </EX_TemporalExtent>
                    </temporalElement>
                </EX_Extent>
            </extent>
            <extent>
                <EX_Extent>
                    <geographicElement>
                        <EX_GeographicBoundingBox>
                            <extentTypeCode>
                                <gco:Boolean>true</gco:Boolean>
                            </extentTypeCode>
                            <westBoundLongitude>
                                <gco:Decimal>-166.542275</gco:Decimal>
                            </westBoundLongitude>
                            <eastBoundLongitude>
                                <gco:Decimal>145.707962</gco:Decimal>
                            </eastBoundLongitude>
                            <southBoundLatitude>
                                <gco:Decimal>13.447942</gco:Decimal>
                            </southBoundLatitude>
                            <northBoundLatitude>
                                <gco:Decimal>71.291856</gco:Decimal>
                            </northBoundLatitude>
                        </EX_GeographicBoundingBox>
                    </geographicElement>
                </EX_Extent>
            </extent>
            <supplementalInformation>
                <gco:CharacterString>None.</gco:CharacterString>
            </supplementalInformation>
        </MD_DataIdentification>
    </identificationInfo>
    <distributionInfo>
        <MD_Distribution>
            <distributionFormat>
                <MD_Format>
                    <name>
                        <gco:CharacterString>File Geodatabase Feature Class</gco:CharacterString>
                    </name>
                    <version gco:nilReason="missing"/>
                </MD_Format>
            </distributionFormat>
            <distributor>
                <MD_Distributor>
                    <distributorContact>
                        <CI_ResponsibleParty>
                            <organisationName>
                                <gco:CharacterString>HIFLD Subcommittee</gco:CharacterString>
                            </organisationName>
                            <contactInfo>
                                <CI_Contact>
                                    <address>
                                        <CI_Address>
                                            <electronicMailAddress>
                                                <gco:CharacterString>hifld@hq.dhs.gov</gco:CharacterString>
                                            </electronicMailAddress>
                                        </CI_Address>
                                    </address>
                                </CI_Contact>
                            </contactInfo>
                            <role>
                                <CI_RoleCode codeList="http://www.isotc211.org/2005/resources/Codelist/gmxCodelists.xml#CI_RoleCode" codeListValue="distributor" codeSpace="ISOTC211/19115">distributor</CI_RoleCode>
                            </role>
                        </CI_ResponsibleParty>
                    </distributorContact>
                    <distributionOrderProcess>
                        <MD_StandardOrderProcess>
                            <fees>
                                <gco:CharacterString>None. No fees are applicable for obtaining the data set.</gco:CharacterString>
                            </fees>
                        </MD_StandardOrderProcess>
                    </distributionOrderProcess>
                    <distributorFormat>
                        <MD_Format>
                            <name>
                                <gco:CharacterString>Vector Digital Data Set (Polygon)</gco:CharacterString>
                            </name>
                            <version gco:nilReason="missing"/>
                        </MD_Format>
                    </distributorFormat>
                </MD_Distributor>
            </distributor>
            <transferOptions>
                <MD_DigitalTransferOptions>
                    <offLine>
                        <MD_Medium>
                            <name>
                                <MD_MediumNameCode codeList="http://www.isotc211.org/2005/resources/Codelist/gmxCodelists.xml#MD_MediumNameCode" codeListValue="onLine" codeSpace="ISOTC211/19115">onLine</MD_MediumNameCode>
                            </name>
                        </MD_Medium>
                    </offLine>
                </MD_DigitalTransferOptions>
            </transferOptions>
        </MD_Distribution>
    </distributionInfo>
    <dataQualityInfo>
        <DQ_DataQuality>
            <scope>
                <DQ_Scope>
                    <level>
                        <MD_ScopeCode codeList="http://www.isotc211.org/2005/resources/Codelist/gmxCodelists.xml#MD_ScopeCode" codeListValue="dataset" codeSpace="ISOTC211/19115">dataset</MD_ScopeCode>
                    </level>
                </DQ_Scope>
            </scope>
            <report>
                <DQ_QuantitativeAttributeAccuracy>
                    <measureDescription>
                        <gco:CharacterString>No formal attribute accuracy test was conducted. Data from the authoritative sources (as identified in other sections of this metadata) is assumed to be correct and accurate. See also "Overview Description" in the "Entities and Attributes" metadata section.</gco:CharacterString>
                    </measureDescription>
                    <result gco:nilReason="missing"/>
                </DQ_QuantitativeAttributeAccuracy>
            </report>
            <report>
                <DQ_ConceptualConsistency>
                    <measureDescription>
                        <gco:CharacterString>Data were extracted from sources (identified in the SOURCE field) and other open source websites to populate the attribute fields. For string and date data types, NOT AVAILABLE values denote missing data that was not present in the source data. For numeric data types, -999 denote missing data that was not present in the source data. During quality control, attributes were checked to ensure that they fell within the expected ranges or had expected/valid values. Text attribute values were checked for spelling and usage consistency. No topology tests were conducted. All records were verified to occur within the spatial domain of the feature class/shapefile.</gco:CharacterString>
                    </measureDescription>
                    <result gco:nilReason="missing"/>
                </DQ_ConceptualConsistency>
            </report>
            <report>
                <DQ_CompletenessOmission>
                    <measureDescription>
                        <gco:CharacterString>Data is complete as of the most recent date indicated in the Time Period section.</gco:CharacterString>
                    </measureDescription>
                    <result gco:nilReason="missing"/>
                </DQ_CompletenessOmission>
            </report>
            <report>
                <DQ_AbsoluteExternalPositionalAccuracy>
                    <measureDescription>
                        <gco:CharacterString>None; all efforts are made to place the geographic representation of the facility on-entity using the best available imagery from a wide variety of sources. Users should read and understand the VAL_METHOD metadata as well as the Processing Steps.</gco:CharacterString>
                    </measureDescription>
                    <result gco:nilReason="missing"/>
                </DQ_AbsoluteExternalPositionalAccuracy>
            </report>
            <report>
                <DQ_AbsoluteExternalPositionalAccuracy>
                    <measureDescription>
                        <gco:CharacterString>None; dataset contains no vertical data.</gco:CharacterString>
                    </measureDescription>
                    <result gco:nilReason="missing"/>
                </DQ_AbsoluteExternalPositionalAccuracy>
            </report>
            <lineage>
                <LI_Lineage>
                    <processStep>
                        <LI_ProcessStep>
                            <description>
                                <gco:CharacterString>Authoritative data sources are identified through open source research. That data is then acquired and transformed into a usable data format. The properly formatted data then goes through preprocessing steps that includes a geocoding operation to give spatial context to the data. After preprocessing, every record goes through a review process and each polygon is moved to a facility based on-entity location based on interpretation of the best available imagery and open source information. The VAL_DATE field indicates the date in which the review step took place.</gco:CharacterString>
                            </description>
                        </LI_ProcessStep>
                    </processStep>
                    <source>
                        <LI_Source>
                            <sourceCitation>
                                <CI_Citation>
                                    <title>
                                        <gco:CharacterString>see SOURCE field.</gco:CharacterString>
                                    </title>
                                    <date gco:nilReason="missing"/>
                                    <citedResponsibleParty>
                                        <CI_ResponsibleParty>
                                            <organisationName>
                                                <gco:CharacterString>see SOURCE field.</gco:CharacterString>
                                            </organisationName>
                                            <role>
                                                <CI_RoleCode codeList="http://www.isotc211.org/2005/resources/Codelist/gmxCodelists.xml#CI_RoleCode" codeListValue="originator" codeSpace="ISOTC211/19115">originator</CI_RoleCode>
                                            </role>
                                        </CI_ResponsibleParty>
                                    </citedResponsibleParty>
                                    <citedResponsibleParty>
                                        <CI_ResponsibleParty>
                                            <organisationName>
                                                <gco:CharacterString>see SOURCE field.</gco:CharacterString>
                                            </organisationName>
                                            <contactInfo>
                                                <CI_Contact>
                                                    <address>
                                                        <CI_Address>
                                                            <deliveryPoint>
                                                                <gco:CharacterString>see SOURCE field.</gco:CharacterString>
                                                            </deliveryPoint>
                                                        </CI_Address>
                                                    </address>
                                                </CI_Contact>
                                            </contactInfo>
                                            <role>
                                                <CI_RoleCode codeList="http://www.isotc211.org/2005/resources/Codelist/gmxCodelists.xml#CI_RoleCode" codeListValue="publisher" codeSpace="ISOTC211/19115">publisher</CI_RoleCode>
                                            </role>
                                        </CI_ResponsibleParty>
                                    </citedResponsibleParty>
                                </CI_Citation>
                            </sourceCitation>
                            <sourceExtent>
                                <EX_Extent>
                                    <description>
                                        <gco:CharacterString>observed</gco:CharacterString>
                                    </description>
                                    <temporalElement>
                                        <EX_TemporalExtent>
                                            <extent>
                                                <gml:TimePeriod gml:id="N68183">
                                                    <gml:beginPosition>2003-11-03T00:00:00</gml:beginPosition>
                                                    <gml:endPosition>2024-08-18T00:00:00</gml:endPosition>
                                                </gml:TimePeriod>
                                            </extent>
                                        </EX_TemporalExtent>
                                    </temporalElement>
                                </EX_Extent>
                            </sourceExtent>
                        </LI_Source>
                    </source>
                </LI_Lineage>
            </lineage>
        </DQ_DataQuality>
    </dataQualityInfo>
</MD_Metadata>
